,mean_fit_time,std_fit_time,mean_score_time,std_score_time,param_max_depth,param_max_features,param_max_samples,param_min_samples_leaf,param_min_samples_split,params,split0_test_accuracy,split1_test_accuracy,split2_test_accuracy,split3_test_accuracy,split4_test_accuracy,split5_test_accuracy,split6_test_accuracy,split7_test_accuracy,split8_test_accuracy,split9_test_accuracy,split10_test_accuracy,split11_test_accuracy,split12_test_accuracy,split13_test_accuracy,split14_test_accuracy,split15_test_accuracy,split16_test_accuracy,split17_test_accuracy,split18_test_accuracy,split19_test_accuracy,split20_test_accuracy,split21_test_accuracy,split22_test_accuracy,split23_test_accuracy,split24_test_accuracy,mean_test_accuracy,std_test_accuracy,rank_test_accuracy,split0_test_f1_macro,split1_test_f1_macro,split2_test_f1_macro,split3_test_f1_macro,split4_test_f1_macro,split5_test_f1_macro,split6_test_f1_macro,split7_test_f1_macro,split8_test_f1_macro,split9_test_f1_macro,split10_test_f1_macro,split11_test_f1_macro,split12_test_f1_macro,split13_test_f1_macro,split14_test_f1_macro,split15_test_f1_macro,split16_test_f1_macro,split17_test_f1_macro,split18_test_f1_macro,split19_test_f1_macro,split20_test_f1_macro,split21_test_f1_macro,split22_test_f1_macro,split23_test_f1_macro,split24_test_f1_macro,mean_test_f1_macro,std_test_f1_macro,rank_test_f1_macro
14,0.6786240196228027,0.013940961382479642,0.026782512664794922,0.0014001779230687459,5,sqrt,,5,2,"{'max_depth': 5, 'max_features': 'sqrt', 'max_samples': None, 'min_samples_leaf': 5, 'min_samples_split': 2}",0.5918367346938775,0.4897959183673469,0.4897959183673469,0.5306122448979592,0.6041666666666666,0.5306122448979592,0.5714285714285714,0.5102040816326531,0.5102040816326531,0.5416666666666666,0.5102040816326531,0.5306122448979592,0.42857142857142855,0.5714285714285714,0.5625,0.40816326530612246,0.4897959183673469,0.5306122448979592,0.5918367346938775,0.625,0.6122448979591837,0.5102040816326531,0.6122448979591837,0.5510204081632653,0.4375,0.5336904761904762,0.05675716634333421,1,0.5595397356266921,0.49459607691315005,0.42403893746906457,0.5118960084033614,0.530411877394636,0.46636661211129293,0.542777123901196,0.4318798449612403,0.4838302378624959,0.4618288144603934,0.42978454671424543,0.4854166666666666,0.382702979477173,0.5004309416074122,0.5642857142857143,0.3771825396825397,0.46548102981029804,0.4852098571926158,0.47858144098682365,0.5335765550239234,0.5602737905369484,0.4791239515377447,0.6000706588941882,0.4986344537815126,0.3578263841421736,0.4842298711777401,0.05964097549335106,1
15,0.6715954113006591,0.013131532507361755,0.0266890811920166,0.0013349866251787818,5,sqrt,,5,5,"{'max_depth': 5, 'max_features': 'sqrt', 'max_samples': None, 'min_samples_leaf': 5, 'min_samples_split': 5}",0.5918367346938775,0.4897959183673469,0.4897959183673469,0.5306122448979592,0.6041666666666666,0.5306122448979592,0.5714285714285714,0.5102040816326531,0.5102040816326531,0.5416666666666666,0.5102040816326531,0.5306122448979592,0.42857142857142855,0.5714285714285714,0.5625,0.40816326530612246,0.4897959183673469,0.5306122448979592,0.5918367346938775,0.625,0.6122448979591837,0.5102040816326531,0.6122448979591837,0.5510204081632653,0.4375,0.5336904761904762,0.05675716634333421,1,0.5595397356266921,0.49459607691315005,0.42403893746906457,0.5118960084033614,0.530411877394636,0.46636661211129293,0.542777123901196,0.4318798449612403,0.4838302378624959,0.4618288144603934,0.42978454671424543,0.4854166666666666,0.382702979477173,0.5004309416074122,0.5642857142857143,0.3771825396825397,0.46548102981029804,0.4852098571926158,0.47858144098682365,0.5335765550239234,0.5602737905369484,0.4791239515377447,0.6000706588941882,0.4986344537815126,0.3578263841421736,0.4842298711777401,0.05964097549335106,1
13,0.7198136806488037,0.025010202938045047,0.027143535614013673,0.0015406478373603937,5,sqrt,,1,5,"{'max_depth': 5, 'max_features': 'sqrt', 'max_samples': None, 'min_samples_leaf': 1, 'min_samples_split': 5}",0.6122448979591837,0.5102040816326531,0.4897959183673469,0.46938775510204084,0.5416666666666666,0.5510204081632653,0.5918367346938775,0.4489795918367347,0.4897959183673469,0.5833333333333334,0.5102040816326531,0.6122448979591837,0.42857142857142855,0.5714285714285714,0.5625,0.3877551020408163,0.46938775510204084,0.5714285714285714,0.6122448979591837,0.6041666666666666,0.6122448979591837,0.5510204081632653,0.5714285714285714,0.5102040816326531,0.4583333333333333,0.5328571428571428,0.06331654808003177,4,0.5993798449612403,0.5301834508400856,0.3874458874458874,0.43462481146304677,0.4252639940192505,0.5065764023210831,0.5802447552447553,0.3677380952380952,0.4677108927108927,0.4948688926617619,0.433531746031746,0.5840848806366047,0.38854422604422606,0.47658730158730156,0.5737583205325141,0.3107142857142857,0.4391843586452059,0.5625891265597148,0.4958333333333333,0.45434782608695656,0.5765319094838546,0.5447232947232947,0.5687767094017093,0.4730733082706766,0.3687094235687586,0.4818010831010512,0.07901271509903314,3
10,0.6121103382110595,0.012594509521331218,0.02655397415161133,0.0011186257120529887,5,sqrt,0.6,5,2,"{'max_depth': 5, 'max_features': 'sqrt', 'max_samples': 0.6, 'min_samples_leaf': 5, 'min_samples_split': 2}",0.6122448979591837,0.4897959183673469,0.46938775510204084,0.4897959183673469,0.5416666666666666,0.5102040816326531,0.5306122448979592,0.5306122448979592,0.4489795918367347,0.5,0.5102040816326531,0.5306122448979592,0.4489795918367347,0.5510204081632653,0.625,0.42857142857142855,0.4897959183673469,0.4897959183673469,0.6326530612244898,0.6458333333333334,0.5306122448979592,0.5306122448979592,0.6122448979591837,0.5102040816326531,0.4583333333333333,0.5247108843537415,0.05904451346107573,16,0.5855504144977829,0.5077380952380952,0.39919842710223835,0.466859243697479,0.4878306878306878,0.43423392997861077,0.5031203007518796,0.4707473420888055,0.4158044684360474,0.42269087269087274,0.4329268292682927,0.46429349517584806,0.4038486979913126,0.4869393687707641,0.6119047619047618,0.4175925925925926,0.47250483933410764,0.45668498168498173,0.5242063492063492,0.5909595959595959,0.45871844244758236,0.4990674885411728,0.6000706588941882,0.46637806637806634,0.3674537133347202,0.4778929465518734,0.06363560461223543,4
11,0.6125419807434082,0.011697975388201456,0.026835031509399414,0.0014681305858174236,5,sqrt,0.6,5,5,"{'max_depth': 5, 'max_features': 'sqrt', 'max_samples': 0.6, 'min_samples_leaf': 5, 'min_samples_split': 5}",0.6122448979591837,0.4897959183673469,0.46938775510204084,0.4897959183673469,0.5416666666666666,0.5102040816326531,0.5306122448979592,0.5306122448979592,0.4489795918367347,0.5,0.5102040816326531,0.5306122448979592,0.4489795918367347,0.5510204081632653,0.625,0.42857142857142855,0.4897959183673469,0.4897959183673469,0.6326530612244898,0.6458333333333334,0.5306122448979592,0.5306122448979592,0.6122448979591837,0.5102040816326531,0.4583333333333333,0.5247108843537415,0.05904451346107573,16,0.5855504144977829,0.5077380952380952,0.39919842710223835,0.466859243697479,0.4878306878306878,0.43423392997861077,0.5031203007518796,0.4707473420888055,0.4158044684360474,0.42269087269087274,0.4329268292682927,0.46429349517584806,0.4038486979913126,0.4869393687707641,0.6119047619047618,0.4175925925925926,0.47250483933410764,0.45668498168498173,0.5242063492063492,0.5909595959595959,0.45871844244758236,0.4990674885411728,0.6000706588941882,0.46637806637806634,0.3674537133347202,0.4778929465518734,0.06363560461223543,4
12,0.7148211860656738,0.012986777123143195,0.026692399978637694,0.0009691427538121753,5,sqrt,,1,2,"{'max_depth': 5, 'max_features': 'sqrt', 'max_samples': None, 'min_samples_leaf': 1, 'min_samples_split': 2}",0.6326530612244898,0.5510204081632653,0.42857142857142855,0.5102040816326531,0.5625,0.5306122448979592,0.5714285714285714,0.4489795918367347,0.5102040816326531,0.5833333333333334,0.5102040816326531,0.5714285714285714,0.42857142857142855,0.5714285714285714,0.6041666666666666,0.3877551020408163,0.46938775510204084,0.5306122448979592,0.6326530612244898,0.625,0.5714285714285714,0.5306122448979592,0.5714285714285714,0.5306122448979592,0.4583333333333333,0.5329251700680272,0.06501439322766919,3,0.6109890109890109,0.5841735783596249,0.33277158413274566,0.500620347394541,0.4915587580061264,0.46636661211129293,0.5879079254079254,0.3430843267539574,0.5083710620637616,0.4815629968203498,0.433105138607167,0.5178571428571428,0.39271089271089266,0.48162039110314975,0.5826956826956827,0.3107142857142857,0.43623056894219014,0.46374521072796937,0.5232945167797542,0.4822898032200358,0.5116123642439432,0.5107256831394762,0.5346497252747253,0.48661926308985126,0.3674537133347202,0.4777092233792129,0.07839791055311822,6
2,0.5660611534118652,0.010990427915193186,0.026926555633544923,0.0013543539359339993,5,5,0.6,5,2,"{'max_depth': 5, 'max_features': 5, 'max_samples': 0.6, 'min_samples_leaf': 5, 'min_samples_split': 2}",0.5918367346938775,0.5102040816326531,0.46938775510204084,0.5510204081632653,0.5833333333333334,0.5306122448979592,0.5102040816326531,0.5306122448979592,0.4897959183673469,0.5416666666666666,0.46938775510204084,0.5714285714285714,0.4489795918367347,0.5714285714285714,0.5625,0.40816326530612246,0.4897959183673469,0.5102040816326531,0.6530612244897959,0.6458333333333334,0.4897959183673469,0.5102040816326531,0.5306122448979592,0.5918367346938775,0.4791666666666667,0.5296428571428571,0.057227640981551794,6,0.5589631782945736,0.5188492063492064,0.3881406141996643,0.5192652848000896,0.5238359201773836,0.46636661211129293,0.48899108138238573,0.4568088915915003,0.45334950334950336,0.4605965477108853,0.39016521098600443,0.5055764019178653,0.38241758241758245,0.5069393687707642,0.5546319046319046,0.3185834109972041,0.47250483933410764,0.5108797029528737,0.5428324705522548,0.5909595959595959,0.40453390658589017,0.47272026219394636,0.5232447817836812,0.5244315680942533,0.39891304347826084,0.47738003562490694,0.06493089616309186,7
3,0.5630570316314697,0.013056232752281412,0.026985044479370116,0.0013485921863511257,5,5,0.6,5,5,"{'max_depth': 5, 'max_features': 5, 'max_samples': 0.6, 'min_samples_leaf': 5, 'min_samples_split': 5}",0.5918367346938775,0.5102040816326531,0.46938775510204084,0.5510204081632653,0.5833333333333334,0.5306122448979592,0.5102040816326531,0.5306122448979592,0.4897959183673469,0.5416666666666666,0.46938775510204084,0.5714285714285714,0.4489795918367347,0.5714285714285714,0.5625,0.40816326530612246,0.4897959183673469,0.5102040816326531,0.6530612244897959,0.6458333333333334,0.4897959183673469,0.5102040816326531,0.5306122448979592,0.5918367346938775,0.4791666666666667,0.5296428571428571,0.057227640981551794,6,0.5589631782945736,0.5188492063492064,0.3881406141996643,0.5192652848000896,0.5238359201773836,0.46636661211129293,0.48899108138238573,0.4568088915915003,0.45334950334950336,0.4605965477108853,0.39016521098600443,0.5055764019178653,0.38241758241758245,0.5069393687707642,0.5546319046319046,0.3185834109972041,0.47250483933410764,0.5108797029528737,0.5428324705522548,0.5909595959595959,0.40453390658589017,0.47272026219394636,0.5232447817836812,0.5244315680942533,0.39891304347826084,0.47738003562490694,0.06493089616309186,7
0,0.5907604789733887,0.04601435304154031,0.027132606506347655,0.0019448286554188431,5,5,0.6,1,2,"{'max_depth': 5, 'max_features': 5, 'max_samples': 0.6, 'min_samples_leaf': 1, 'min_samples_split': 2}",0.6530612244897959,0.4897959183673469,0.4489795918367347,0.46938775510204084,0.5,0.4897959183673469,0.5102040816326531,0.5306122448979592,0.5102040816326531,0.5833333333333334,0.5102040816326531,0.6122448979591837,0.4897959183673469,0.5918367346938775,0.5625,0.40816326530612246,0.4897959183673469,0.5102040816326531,0.6326530612244898,0.6041666666666666,0.5510204081632653,0.5510204081632653,0.5714285714285714,0.5714285714285714,0.4375,0.5311734693877551,0.06083584602822212,5,0.6276652269299329,0.5095588235294117,0.37749477533960296,0.46656167108753316,0.3873815676141258,0.41766381766381766,0.4818696450428397,0.4629446640316206,0.4813355881867679,0.49181286549707603,0.42493540051679585,0.5810852713178294,0.42500000000000004,0.5310606060606061,0.544025419025419,0.31961313540260905,0.46195538878465714,0.4706698564593301,0.5076934221964648,0.5134502923976608,0.5019744483159118,0.501093951093951,0.5687767094017093,0.5176651305683563,0.3571271723445637,0.47721659395234367,0.06997211310464727,9
9,0.6462415218353271,0.01078619233913561,0.02679842948913574,0.0011292515313112309,5,sqrt,0.6,1,5,"{'max_depth': 5, 'max_features': 'sqrt', 'max_samples': 0.6, 'min_samples_leaf': 1, 'min_samples_split': 5}",0.6326530612244898,0.5102040816326531,0.5102040816326531,0.4489795918367347,0.5416666666666666,0.5102040816326531,0.6122448979591837,0.4897959183673469,0.46938775510204084,0.5208333333333334,0.5102040816326531,0.5510204081632653,0.46938775510204084,0.5918367346938775,0.5833333333333334,0.40816326530612246,0.46938775510204084,0.5306122448979592,0.6122448979591837,0.5833333333333334,0.6326530612244898,0.5102040816326531,0.5918367346938775,0.4897959183673469,0.4583333333333333,0.5295408163265306,0.06045016772140829,9,0.6109890109890109,0.5443181818181818,0.44068100358422935,0.4241106915739269,0.4257518796992481,0.43423392997861077,0.6071692535107169,0.39997508305647844,0.44854012095391405,0.44313081554460865,0.4318394024276377,0.4589311151811152,0.41902472527472523,0.532926642990797,0.5687113066145324,0.3247354497354497,0.4391843586452059,0.4972583898771318,0.5054652213188798,0.49027777777777776,0.5896555222236715,0.4700330424468355,0.584662413609782,0.4557379492817082,0.3674537133347202,0.47659188005795583,0.07374199427605589,10
4,0.6156389904022217,0.015208780315479677,0.02675111770629883,0.00138936534926805,5,5,,1,2,"{'max_depth': 5, 'max_features': 5, 'max_samples': None, 'min_samples_leaf': 1, 'min_samples_split': 2}",0.6326530612244898,0.5102040816326531,0.4897959183673469,0.46938775510204084,0.5,0.5102040816326531,0.5306122448979592,0.46938775510204084,0.5102040816326531,0.5833333333333334,0.5102040816326531,0.5510204081632653,0.4489795918367347,0.5714285714285714,0.5625,0.3877551020408163,0.4897959183673469,0.5714285714285714,0.6326530612244898,0.6041666666666666,0.6122448979591837,0.5510204081632653,0.5918367346938775,0.4897959183673469,0.4583333333333333,0.5295578231292517,0.06065472316080671,8,0.6199633699633699,0.5301834508400856,0.378448275862069,0.43295739348370926,0.38626651126651124,0.4418584825234442,0.5382028789923526,0.3787986124682431,0.49906048726375407,0.4961805555555555,0.43741292232671547,0.5003613369467028,0.4051535087719298,0.47877774553561153,0.5513250263250263,0.3116037219485495,0.46195538878465714,0.5273106546854942,0.540650406504065,0.5138729977116705,0.5719684811083384,0.5229551150603782,0.5940629011553273,0.39798620025673936,0.36816670648192384,0.475419325272889,0.07741244479053055,11
22,0.6084450531005859,0.014162306728928348,0.02703688621520996,0.0013390592236458825,,5,,5,2,"{'max_depth': None, 'max_features': 5, 'max_samples': None, 'min_samples_leaf': 5, 'min_samples_split': 2}",0.6122448979591837,0.4897959183673469,0.46938775510204084,0.40816326530612246,0.5416666666666666,0.5306122448979592,0.5510204081632653,0.5102040816326531,0.5102040816326531,0.5416666666666666,0.4897959183673469,0.5510204081632653,0.4489795918367347,0.5918367346938775,0.5625,0.40816326530612246,0.4897959183673469,0.5306122448979592,0.6122448979591837,0.6041666666666666,0.6122448979591837,0.5102040816326531,0.5510204081632653,0.5306122448979592,0.4583333333333333,0.5246598639455783,0.05749670266819516,19,0.590989010989011,0.495304114490161,0.3991841491841492,0.3832602933646577,0.46822284469343295,0.4639627659574468,0.551035539238806,0.42082166199813253,0.4812244062244062,0.46111901375059267,0.4104718810601164,0.49837962962962956,0.3981459330143541,0.5262881562881563,0.5513250263250263,0.3231693231693232,0.45639286555909037,0.5057588075880759,0.4961793265360277,0.5134502923976608,0.5631578947368421,0.46641175588544015,0.539691742081448,0.48308458638444285,0.3624157172750523,0.47237786951285926,0.06544920838959377,12
23,0.6025486183166504,0.009832242907574345,0.026867513656616212,0.001048902032217966,,5,,5,5,"{'max_depth': None, 'max_features': 5, 'max_samples': None, 'min_samples_leaf': 5, 'min_samples_split': 5}",0.6122448979591837,0.4897959183673469,0.46938775510204084,0.40816326530612246,0.5416666666666666,0.5306122448979592,0.5510204081632653,0.5102040816326531,0.5102040816326531,0.5416666666666666,0.4897959183673469,0.5510204081632653,0.4489795918367347,0.5918367346938775,0.5625,0.40816326530612246,0.4897959183673469,0.5306122448979592,0.6122448979591837,0.6041666666666666,0.6122448979591837,0.5102040816326531,0.5510204081632653,0.5306122448979592,0.4583333333333333,0.5246598639455783,0.05749670266819516,19,0.590989010989011,0.495304114490161,0.3991841491841492,0.3832602933646577,0.46822284469343295,0.4639627659574468,0.551035539238806,0.42082166199813253,0.4812244062244062,0.46111901375059267,0.4104718810601164,0.49837962962962956,0.3981459330143541,0.5262881562881563,0.5513250263250263,0.3231693231693232,0.45639286555909037,0.5057588075880759,0.4961793265360277,0.5134502923976608,0.5631578947368421,0.46641175588544015,0.539691742081448,0.48308458638444285,0.3624157172750523,0.47237786951285926,0.06544920838959377,12
26,0.6182224082946778,0.011924897242479521,0.02675539016723633,0.0011491681357350195,,sqrt,0.6,5,2,"{'max_depth': None, 'max_features': 'sqrt', 'max_samples': 0.6, 'min_samples_leaf': 5, 'min_samples_split': 2}",0.5714285714285714,0.4897959183673469,0.46938775510204084,0.42857142857142855,0.5625,0.5102040816326531,0.5918367346938775,0.5510204081632653,0.4489795918367347,0.4791666666666667,0.46938775510204084,0.5306122448979592,0.46938775510204084,0.5510204081632653,0.5833333333333334,0.42857142857142855,0.4897959183673469,0.4897959183673469,0.5918367346938775,0.6458333333333334,0.5510204081632653,0.5102040816326531,0.5918367346938775,0.5714285714285714,0.4583333333333333,0.5214115646258504,0.057695171545446296,24,0.5330099346782866,0.5077380952380952,0.3944444444444445,0.3997689997689998,0.5059787773202408,0.43423392997861077,0.5683519304828676,0.5038705913885253,0.41620879120879123,0.398929448929449,0.3985671191553545,0.46429349517584806,0.41618381618381617,0.4839631782945737,0.5487199582027168,0.38853276353276356,0.4691568861177334,0.4538095238095238,0.4793169793169793,0.5909595959595959,0.48579782790309106,0.46173125120493547,0.5709856915739269,0.5631064778389719,0.3674537133347202,0.4722045288417145,0.06418537875152532,14
27,0.6144900608062744,0.015105570621395378,0.026473255157470704,0.0013053281423132505,,sqrt,0.6,5,5,"{'max_depth': None, 'max_features': 'sqrt', 'max_samples': 0.6, 'min_samples_leaf': 5, 'min_samples_split': 5}",0.5714285714285714,0.4897959183673469,0.46938775510204084,0.42857142857142855,0.5625,0.5102040816326531,0.5918367346938775,0.5510204081632653,0.4489795918367347,0.4791666666666667,0.46938775510204084,0.5306122448979592,0.46938775510204084,0.5510204081632653,0.5833333333333334,0.42857142857142855,0.4897959183673469,0.4897959183673469,0.5918367346938775,0.6458333333333334,0.5510204081632653,0.5102040816326531,0.5918367346938775,0.5714285714285714,0.4583333333333333,0.5214115646258504,0.057695171545446296,24,0.5330099346782866,0.5077380952380952,0.3944444444444445,0.3997689997689998,0.5059787773202408,0.43423392997861077,0.5683519304828676,0.5038705913885253,0.41620879120879123,0.398929448929449,0.3985671191553545,0.46429349517584806,0.41618381618381617,0.4839631782945737,0.5487199582027168,0.38853276353276356,0.4691568861177334,0.4538095238095238,0.4793169793169793,0.5909595959595959,0.48579782790309106,0.46173125120493547,0.5709856915739269,0.5631064778389719,0.3674537133347202,0.4722045288417145,0.06418537875152532,14
5,0.613566780090332,0.010959818611893888,0.02659653663635254,0.0009223594860292398,5,5,,1,5,"{'max_depth': 5, 'max_features': 5, 'max_samples': None, 'min_samples_leaf': 1, 'min_samples_split': 5}",0.5918367346938775,0.5102040816326531,0.46938775510204084,0.4897959183673469,0.5416666666666666,0.5306122448979592,0.5714285714285714,0.4489795918367347,0.5306122448979592,0.5833333333333334,0.5102040816326531,0.5306122448979592,0.46938775510204084,0.5714285714285714,0.6041666666666666,0.3877551020408163,0.4897959183673469,0.5102040816326531,0.6122448979591837,0.5833333333333334,0.5510204081632653,0.5510204081632653,0.5510204081632653,0.4897959183673469,0.4791666666666667,0.5263605442176871,0.0525723433833308,14,0.5592346250240987,0.5301834508400856,0.37011494252873567,0.4523587627035903,0.4211640211640212,0.46636661211129293,0.5710001499475184,0.3555485435280832,0.5375220257252925,0.4948688926617619,0.43457602339181284,0.4798663227016886,0.4548611111111111,0.5035103785103785,0.6176651305683564,0.313003663003663,0.4567905536198219,0.44027777777777777,0.5238648947951273,0.4434782608695652,0.49447817404473754,0.5447232947232947,0.539691742081448,0.3918300653594771,0.39081281037802773,0.4715116891668308,0.07209236424820209,16
30,0.6957296848297119,0.0161988237440517,0.027035799026489258,0.001285214098034735,,sqrt,,5,2,"{'max_depth': None, 'max_features': 'sqrt', 'max_samples': None, 'min_samples_leaf': 5, 'min_samples_split': 2}",0.5918367346938775,0.5306122448979592,0.46938775510204084,0.5102040816326531,0.5833333333333334,0.5306122448979592,0.5510204081632653,0.5102040816326531,0.40816326530612246,0.5,0.5102040816326531,0.5510204081632653,0.42857142857142855,0.5510204081632653,0.5833333333333334,0.40816326530612246,0.4489795918367347,0.5306122448979592,0.6326530612244898,0.625,0.5510204081632653,0.5102040816326531,0.5918367346938775,0.5306122448979592,0.4375,0.5230442176870749,0.06154559596143446,22,0.5592958113477948,0.5491752256458139,0.3995614035087719,0.4932470064049011,0.5052484787018257,0.46636661211129293,0.5338461538461539,0.4460227272727273,0.38257609836557205,0.43116883116883115,0.4279665118079752,0.4926638176638176,0.38531841959261315,0.4708928571428571,0.5626984126984127,0.3728047363950001,0.4067718794835007,0.48782051282051286,0.5197141359932058,0.5247425629290619,0.48766788766788766,0.4600427350427351,0.5651924651924651,0.48308458638444285,0.35757575757575755,0.47085862507055715,0.06143055279670879,17
31,0.6903203010559082,0.01898616836474314,0.027027730941772462,0.0015432271465644243,,sqrt,,5,5,"{'max_depth': None, 'max_features': 'sqrt', 'max_samples': None, 'min_samples_leaf': 5, 'min_samples_split': 5}",0.5918367346938775,0.5306122448979592,0.46938775510204084,0.5102040816326531,0.5833333333333334,0.5306122448979592,0.5510204081632653,0.5102040816326531,0.40816326530612246,0.5,0.5102040816326531,0.5510204081632653,0.42857142857142855,0.5510204081632653,0.5833333333333334,0.40816326530612246,0.4489795918367347,0.5306122448979592,0.6326530612244898,0.625,0.5510204081632653,0.5102040816326531,0.5918367346938775,0.5306122448979592,0.4375,0.5230442176870749,0.06154559596143446,22,0.5592958113477948,0.5491752256458139,0.3995614035087719,0.4932470064049011,0.5052484787018257,0.46636661211129293,0.5338461538461539,0.4460227272727273,0.38257609836557205,0.43116883116883115,0.4279665118079752,0.4926638176638176,0.38531841959261315,0.4708928571428571,0.5626984126984127,0.3728047363950001,0.4067718794835007,0.48782051282051286,0.5197141359932058,0.5247425629290619,0.48766788766788766,0.4600427350427351,0.5651924651924651,0.48308458638444285,0.35757575757575755,0.47085862507055715,0.06143055279670879,17
8,0.6484965801239013,0.011114636454111747,0.02721510887145996,0.0010449830980913735,5,sqrt,0.6,1,2,"{'max_depth': 5, 'max_features': 'sqrt', 'max_samples': 0.6, 'min_samples_leaf': 1, 'min_samples_split': 2}",0.6122448979591837,0.42857142857142855,0.4897959183673469,0.46938775510204084,0.5,0.4897959183673469,0.5714285714285714,0.4897959183673469,0.4897959183673469,0.5833333333333334,0.4897959183673469,0.5918367346938775,0.46938775510204084,0.6326530612244898,0.625,0.40816326530612246,0.4489795918367347,0.4897959183673469,0.6122448979591837,0.625,0.5918367346938775,0.5102040816326531,0.5918367346938775,0.5102040816326531,0.4583333333333333,0.5271768707482993,0.06738278095229393,13,0.6031643356643357,0.4292330010415117,0.3799019607843137,0.4338235294117647,0.3873815676141258,0.415018315018315,0.5532491898345557,0.39461580086580084,0.4707519271664009,0.49129919393077287,0.416743817564611,0.5573806905177805,0.41158424908424907,0.5860465116279069,0.6305555555555555,0.3253968253968254,0.4149468417761101,0.43118212197159567,0.5054373739226115,0.475,0.5404761904761904,0.46401098901098903,0.584662413609782,0.4714285714285714,0.3674537133347202,0.46962978746437584,0.08006480729811725,19
21,0.6457749748229981,0.017447714368268384,0.026730432510375976,0.0016206691837717829,,5,,1,5,"{'max_depth': None, 'max_features': 5, 'max_samples': None, 'min_samples_leaf': 1, 'min_samples_split': 5}",0.5714285714285714,0.5306122448979592,0.5510204081632653,0.4897959183673469,0.4791666666666667,0.5714285714285714,0.5918367346938775,0.42857142857142855,0.46938775510204084,0.5833333333333334,0.5102040816326531,0.6122448979591837,0.42857142857142855,0.5102040816326531,0.6458333333333334,0.40816326530612246,0.46938775510204084,0.5102040816326531,0.5714285714285714,0.5625,0.5714285714285714,0.5306122448979592,0.5510204081632653,0.5510204081632653,0.5,0.5279761904761905,0.05832279609713429,12,0.5735918003565063,0.5235969387755102,0.46724055475848875,0.44569863853400443,0.3645614035087719,0.517681623931624,0.6070214338507021,0.3221532091097309,0.4492737525632263,0.49181286549707603,0.4212412587412588,0.5457671957671957,0.3806416284864561,0.4289130434782609,0.6248366013071895,0.3333333333333333,0.4412576312576313,0.47052062204192024,0.4876068376068376,0.40998803827751196,0.5126984126984127,0.5086816440264716,0.5052471116816432,0.48523108097576184,0.4179606625258799,0.4694622929236562,0.07531469402011641,20
1,0.5734313774108887,0.015311098062166831,0.02632369041442871,0.0013240669928896354,5,5,0.6,1,5,"{'max_depth': 5, 'max_features': 5, 'max_samples': 0.6, 'min_samples_leaf': 1, 'min_samples_split': 5}",0.6122448979591837,0.4897959183673469,0.5102040816326531,0.5102040816326531,0.5,0.46938775510204084,0.5306122448979592,0.4897959183673469,0.5102040816326531,0.5625,0.4897959183673469,0.6530612244897959,0.46938775510204084,0.5510204081632653,0.5833333333333334,0.40816326530612246,0.4897959183673469,0.46938775510204084,0.5714285714285714,0.625,0.5918367346938775,0.5306122448979592,0.5918367346938775,0.5102040816326531,0.4166666666666667,0.5254591836734693,0.060586519273993444,15,0.5898926654740608,0.5095588235294117,0.4398989898989899,0.45957341269841273,0.3873815676141258,0.39469387755102037,0.5145917678812415,0.42401439140569575,0.4813355881867679,0.47873986040369737,0.4104718810601164,0.6127131782945736,0.4172870140612076,0.46025922701709293,0.5882066276803118,0.3265915119363395,0.46195538878465714,0.4086414231763069,0.46107079195314493,0.5247425629290619,0.5511363636363636,0.5073208702972768,0.5505354294827979,0.40943083515239714,0.32881887933038834,0.4679545171774184,0.07481867198507433,21
29,0.773689775466919,0.016405263457521645,0.026896829605102538,0.0009065093791796454,,sqrt,,1,5,"{'max_depth': None, 'max_features': 'sqrt', 'max_samples': None, 'min_samples_leaf': 1, 'min_samples_split': 5}",0.6122448979591837,0.5714285714285714,0.4897959183673469,0.42857142857142855,0.5416666666666666,0.5510204081632653,0.6326530612244898,0.4897959183673469,0.40816326530612246,0.5625,0.5102040816326531,0.5510204081632653,0.46938775510204084,0.5510204081632653,0.5833333333333334,0.3673469387755102,0.4489795918367347,0.5102040816326531,0.5714285714285714,0.5833333333333334,0.6326530612244898,0.5102040816326531,0.5510204081632653,0.5102040816326531,0.4791666666666667,0.5246938775510204,0.06585662514983355,18,0.6031643356643357,0.5767183462532299,0.378448275862069,0.368956043956044,0.47356390379646196,0.4927402384849193,0.6354034531360113,0.4169823232323232,0.3714285714285714,0.4793325583648164,0.4291056166056166,0.5045489394326604,0.41902472527472523,0.4903198653198654,0.5528428686323423,0.2923280423280423,0.3992773261065944,0.44251779319098783,0.494955991418664,0.4189473684210526,0.5880645349515696,0.503052503052503,0.4920698924731183,0.4609116373822256,0.3961444429760803,0.46723398390979326,0.08059133431919181,22
18,0.5627416706085205,0.012784297876047823,0.02637168884277344,0.0010891846591540525,,5,0.6,5,2,"{'max_depth': None, 'max_features': 5, 'max_samples': 0.6, 'min_samples_leaf': 5, 'min_samples_split': 2}",0.5918367346938775,0.46938775510204084,0.4897959183673469,0.46938775510204084,0.5208333333333334,0.5510204081632653,0.5102040816326531,0.4897959183673469,0.4897959183673469,0.5416666666666666,0.46938775510204084,0.5714285714285714,0.42857142857142855,0.5714285714285714,0.5625,0.46938775510204084,0.46938775510204084,0.5102040816326531,0.6122448979591837,0.5833333333333334,0.5510204081632653,0.5102040816326531,0.5510204081632653,0.5510204081632653,0.4583333333333333,0.5197278911564626,0.047786543373773055,27,0.5592958113477948,0.47467948717948716,0.4079111944965603,0.42994917994918,0.4663636363636363,0.5065764023210831,0.48899108138238573,0.40669943866874814,0.4540229885057471,0.45987884436160303,0.39016521098600443,0.5055764019178653,0.36515426497277675,0.5152131782945737,0.5453674677812609,0.45778470778470776,0.4378846153846154,0.5108797029528737,0.507094757094757,0.49213386727688785,0.48695447370218947,0.4720797720797721,0.539691742081448,0.42759740259740253,0.3674537133347202,0.4670159737127232,0.05209415222306369,23
19,0.5638375473022461,0.01265895849236291,0.02672642707824707,0.0013007718970181827,,5,0.6,5,5,"{'max_depth': None, 'max_features': 5, 'max_samples': 0.6, 'min_samples_leaf': 5, 'min_samples_split': 5}",0.5918367346938775,0.46938775510204084,0.4897959183673469,0.46938775510204084,0.5208333333333334,0.5510204081632653,0.5102040816326531,0.4897959183673469,0.4897959183673469,0.5416666666666666,0.46938775510204084,0.5714285714285714,0.42857142857142855,0.5714285714285714,0.5625,0.46938775510204084,0.46938775510204084,0.5102040816326531,0.6122448979591837,0.5833333333333334,0.5510204081632653,0.5102040816326531,0.5510204081632653,0.5510204081632653,0.4583333333333333,0.5197278911564626,0.047786543373773055,27,0.5592958113477948,0.47467948717948716,0.4079111944965603,0.42994917994918,0.4663636363636363,0.5065764023210831,0.48899108138238573,0.40669943866874814,0.4540229885057471,0.45987884436160303,0.39016521098600443,0.5055764019178653,0.36515426497277675,0.5152131782945737,0.5453674677812609,0.45778470778470776,0.4378846153846154,0.5108797029528737,0.507094757094757,0.49213386727688785,0.48695447370218947,0.4720797720797721,0.539691742081448,0.42759740259740253,0.3674537133347202,0.4670159737127232,0.05209415222306369,23
28,0.783025016784668,0.014612859064185038,0.027189607620239257,0.0012531927136354315,,sqrt,,1,2,"{'max_depth': None, 'max_features': 'sqrt', 'max_samples': None, 'min_samples_leaf': 1, 'min_samples_split': 2}",0.5510204081632653,0.5918367346938775,0.4897959183673469,0.40816326530612246,0.5208333333333334,0.5102040816326531,0.6326530612244898,0.46938775510204084,0.42857142857142855,0.6041666666666666,0.5306122448979592,0.5714285714285714,0.46938775510204084,0.5918367346938775,0.5833333333333334,0.42857142857142855,0.4489795918367347,0.5102040816326531,0.5510204081632653,0.5833333333333334,0.6326530612244898,0.5510204081632653,0.5918367346938775,0.4897959183673469,0.4791666666666667,0.5287925170068026,0.0641118703664493,10,0.5319251336898396,0.6135335252982312,0.378125,0.3461279461279461,0.4013416815742398,0.44666666666666666,0.6255928853754941,0.386414409688067,0.41891660970608335,0.5178362573099415,0.44693541752365284,0.4785214785214785,0.4172870140612076,0.5515873015873015,0.5508694130003501,0.3398054648054648,0.4214686914915748,0.46759259259259256,0.4338913224864414,0.43273809523809526,0.5820707070707071,0.5394212523719165,0.5468317972350231,0.37516151261951936,0.39182748198093464,0.4656995863209108,0.08150647326528998,25
24,0.680668077468872,0.01600243365493283,0.027320852279663087,0.0014529726126326513,,sqrt,0.6,1,2,"{'max_depth': None, 'max_features': 'sqrt', 'max_samples': 0.6, 'min_samples_leaf': 1, 'min_samples_split': 2}",0.6122448979591837,0.5306122448979592,0.5510204081632653,0.3877551020408163,0.5416666666666666,0.5102040816326531,0.5510204081632653,0.42857142857142855,0.4489795918367347,0.5625,0.5102040816326531,0.5918367346938775,0.4897959183673469,0.5714285714285714,0.6041666666666666,0.42857142857142855,0.4489795918367347,0.5714285714285714,0.5714285714285714,0.5416666666666666,0.6122448979591837,0.5714285714285714,0.5918367346938775,0.4897959183673469,0.5,0.5287755102040816,0.0615048992426478,11,0.5844230222746847,0.5579545454545454,0.48425258684405026,0.32925724637681164,0.42450312845049687,0.43618233618233615,0.5303709856035437,0.3194703243616287,0.43537289268996593,0.46637426900584794,0.4362678665004247,0.4865204176027488,0.4329417293233082,0.5051788790919226,0.5834224598930481,0.33213675213675214,0.3992773261065944,0.49150326797385624,0.45326340326340325,0.386578947368421,0.568983019564415,0.5819139672587949,0.5756704980842913,0.3813131313131313,0.4145309477756286,0.463906558020026,0.08091188210625479,26
6,0.5928966617584228,0.014263674345799468,0.026622581481933593,0.0016139766574552827,5,5,,5,2,"{'max_depth': 5, 'max_features': 5, 'max_samples': None, 'min_samples_leaf': 5, 'min_samples_split': 2}",0.5714285714285714,0.4897959183673469,0.4489795918367347,0.4897959183673469,0.5208333333333334,0.5306122448979592,0.5510204081632653,0.4897959183673469,0.5102040816326531,0.5625,0.4897959183673469,0.5510204081632653,0.46938775510204084,0.5510204081632653,0.5625,0.3877551020408163,0.4489795918367347,0.5306122448979592,0.6122448979591837,0.625,0.5306122448979592,0.5102040816326531,0.5306122448979592,0.5306122448979592,0.4375,0.5173129251700681,0.05285717568879814,31,0.5381298449612403,0.495304114490161,0.3817042606516291,0.46096256684491976,0.40630422209369577,0.46636661211129293,0.5446843604738342,0.4147727272727273,0.47040652707036407,0.4784954811270601,0.4105870980870981,0.5003613369467028,0.41158424908424907,0.4806166473745133,0.5577922077922078,0.34907407407407404,0.409157703378276,0.4972583898771318,0.4911403133017361,0.5247425629290619,0.4592336565076881,0.46960014201393513,0.5166666666666666,0.5281194295900178,0.33427718913652416,0.4638936953542723,0.05908852534550162,27
7,0.5943704795837402,0.014606384416304359,0.026477346420288084,0.0011763872446633327,5,5,,5,5,"{'max_depth': 5, 'max_features': 5, 'max_samples': None, 'min_samples_leaf': 5, 'min_samples_split': 5}",0.5714285714285714,0.4897959183673469,0.4489795918367347,0.4897959183673469,0.5208333333333334,0.5306122448979592,0.5510204081632653,0.4897959183673469,0.5102040816326531,0.5625,0.4897959183673469,0.5510204081632653,0.46938775510204084,0.5510204081632653,0.5625,0.3877551020408163,0.4489795918367347,0.5306122448979592,0.6122448979591837,0.625,0.5306122448979592,0.5102040816326531,0.5306122448979592,0.5306122448979592,0.4375,0.5173129251700681,0.05285717568879814,31,0.5381298449612403,0.495304114490161,0.3817042606516291,0.46096256684491976,0.40630422209369577,0.46636661211129293,0.5446843604738342,0.4147727272727273,0.47040652707036407,0.4784954811270601,0.4105870980870981,0.5003613369467028,0.41158424908424907,0.4806166473745133,0.5577922077922078,0.34907407407407404,0.409157703378276,0.4972583898771318,0.4911403133017361,0.5247425629290619,0.4592336565076881,0.46960014201393513,0.5166666666666666,0.5281194295900178,0.33427718913652416,0.4638936953542723,0.05908852534550162,27
25,0.6746542167663574,0.013206172382715976,0.027022438049316408,0.0011538717717393208,,sqrt,0.6,1,5,"{'max_depth': None, 'max_features': 'sqrt', 'max_samples': 0.6, 'min_samples_leaf': 1, 'min_samples_split': 5}",0.5918367346938775,0.4489795918367347,0.5510204081632653,0.46938775510204084,0.5416666666666666,0.4897959183673469,0.6122448979591837,0.46938775510204084,0.4897959183673469,0.5416666666666666,0.5102040816326531,0.5918367346938775,0.4897959183673469,0.5510204081632653,0.5833333333333334,0.3877551020408163,0.42857142857142855,0.5306122448979592,0.5714285714285714,0.5833333333333334,0.5306122448979592,0.5102040816326531,0.6326530612244898,0.46938775510204084,0.5,0.523061224489796,0.05897380492446005,21,0.563288770053476,0.4641123373914362,0.46671808871878134,0.4409439927732611,0.4252639940192505,0.42067271352985636,0.6098599748751417,0.36386946386946384,0.466961955165222,0.45471370734528627,0.4239750445632799,0.48776709401709395,0.42828593819973126,0.5018599456099456,0.5629113274303836,0.30680680680680683,0.38809523809523805,0.45374289453236827,0.468444976076555,0.43273809523809526,0.4587438800489596,0.47658730158730156,0.5706896551724138,0.38139704098957067,0.4179606625258799,0.457456435945392,0.06658681483358678,29
17,0.5963004398345947,0.01743325308833543,0.027242956161499025,0.0017735931328518562,,5,0.6,1,5,"{'max_depth': None, 'max_features': 5, 'max_samples': 0.6, 'min_samples_leaf': 1, 'min_samples_split': 5}",0.6122448979591837,0.5102040816326531,0.4897959183673469,0.42857142857142855,0.4166666666666667,0.5714285714285714,0.5714285714285714,0.46938775510204084,0.46938775510204084,0.5416666666666666,0.4897959183673469,0.6122448979591837,0.4897959183673469,0.5510204081632653,0.5833333333333334,0.42857142857142855,0.42857142857142855,0.5510204081632653,0.5918367346938775,0.6041666666666666,0.6122448979591837,0.4897959183673469,0.5714285714285714,0.4489795918367347,0.4166666666666667,0.5180102040816326,0.06703969461021911,30,0.6049554367201426,0.5322372662798194,0.37563366810138693,0.40793650793650793,0.29896065734341837,0.517681623931624,0.5501461099287186,0.387577144442133,0.4492737525632263,0.4599002849002849,0.4126114081996435,0.5228529900332226,0.4291666666666667,0.4837412587412588,0.5618825618825618,0.3350997150997151,0.3987092731829574,0.49613526570048305,0.48841515934539187,0.45434782608695656,0.5719942240462076,0.46239837398373984,0.5221137521222411,0.3532828282828283,0.33331764853503987,0.4564148561622471,0.08047867618436523,30
16,0.6044031524658203,0.014740675885037515,0.027214794158935546,0.0012873795948854076,,5,0.6,1,2,"{'max_depth': None, 'max_features': 5, 'max_samples': 0.6, 'min_samples_leaf': 1, 'min_samples_split': 2}",0.5918367346938775,0.5102040816326531,0.4897959183673469,0.46938775510204084,0.4791666666666667,0.5306122448979592,0.5102040816326531,0.4897959183673469,0.4897959183673469,0.5208333333333334,0.5306122448979592,0.5714285714285714,0.46938775510204084,0.5510204081632653,0.5833333333333334,0.42857142857142855,0.4897959183673469,0.5306122448979592,0.5510204081632653,0.5833333333333334,0.5918367346938775,0.4897959183673469,0.5510204081632653,0.5306122448979592,0.4791666666666667,0.5205272108843537,0.04284373102960553,26,0.5816239316239317,0.5163419913419913,0.36489479512735323,0.440018315018315,0.3547101449275362,0.4653846153846154,0.47310160427807485,0.39190178846746837,0.4974330547501279,0.4366305329719964,0.45198592257415793,0.4858904682274247,0.40353143841515937,0.4760644596002652,0.5631860871686454,0.3350997150997151,0.447209653092006,0.4758361204013378,0.4338913224864414,0.43273809523809526,0.5320048309178744,0.4578544061302682,0.553006686545586,0.40208764665286406,0.4097101449275362,0.45528551085475155,0.06219877817391746,31
20,0.6558943653106689,0.01869653252281608,0.02677384376525879,0.0011470759867934705,,5,,1,2,"{'max_depth': None, 'max_features': 5, 'max_samples': None, 'min_samples_leaf': 1, 'min_samples_split': 2}",0.5714285714285714,0.5510204081632653,0.5102040816326531,0.42857142857142855,0.4791666666666667,0.5306122448979592,0.5714285714285714,0.4897959183673469,0.4489795918367347,0.5833333333333334,0.5306122448979592,0.5714285714285714,0.4489795918367347,0.5306122448979592,0.625,0.3877551020408163,0.42857142857142855,0.5102040816326531,0.5714285714285714,0.6041666666666666,0.5714285714285714,0.5510204081632653,0.5306122448979592,0.4489795918367347,0.5,0.5190136054421768,0.060068513530284556,29,0.5608654910980493,0.5414040616246498,0.38898809523809524,0.4090475073706781,0.36045454545454547,0.49396825396825395,0.5746753246753247,0.3936486828774063,0.4129211918685603,0.533531746031746,0.44657148407148406,0.4524216524216524,0.39401993355481724,0.4498389694041867,0.6160714285714285,0.3132882882882883,0.3733333333333333,0.4365079365079365,0.47898936170212764,0.4535030916792443,0.5171122994652407,0.526961926961927,0.48925802879291247,0.3446342305037957,0.4179606625258799,0.4551991011196626,0.0755840182501182,32
